smiles,surface_tension
CC(=O)O,27.1
CC(=O)C,23.7
CC#N,29.04
C1=CC=C(C=C1)N,42.12
COC1=CC=CC=C1,35
C1=CC=C(C=C1)C#N,38.79
C1=CC=C(C=C1)CO,39
C1=CC=C(C=C1)Br,36
CCCCO,24.93
CC(C)CO,23
CCOCCOCCO,31.8
C(=S)=S,32.25
CCOCCO,28.2
C1=CC=C(C=C1)Cl,33.5
C(Cl)(Cl)Cl,27.1
C1CCCCC1,24.98
C1CCC(CC1)O,33.47
CCCCCCCCCC,23.37
CC(Cl)Cl,24.07
C(CCl)Cl,32.2
C(Cl)Cl,28.2
C(COCCO)O,48.5
CCOCC,17.06
COCCOC,24.61
CC(=O)N(C)C,34
C1COCCO1,32.75
CCO,21.97
CCOC(=O)C,24
CCC1=CC=CC=C1,29.2
CCCCCCC,19.66
CCCCCC,17.89
CC1=CC(=CC(=C1)C)C,28.84
CO,22.07
CC(=O)NC,33.67
CC(=O)OC,24.73
COCCO,30.84
CCC(=O)C,23.97
CNC=O,37.96
C1COCCN1,37.5
C1=CC=C(C=C1)[N+](=O)[O-],46.34
CC[N+](=O)[O-],32.66
C[N+](=O)[O-],37.19
CCCCCCCC,21.14
CCCCC,16
CC(C)(C)C,12.05
CCCCCO,25.5
CCCO,23.75
CC(C)O,20.93
CCC#N,27.25
C1=CC=C2C(=C1)C=CC=N2,45
C(C(Cl)Cl)(Cl)Cl,34.72
C(=C(Cl)Cl)(Cl)Cl,31.5
C1CCOC1,26.4
C1CCC2=CC=CC=C2C1,35.5
CC1=CC=CC=C1,27.73
C(=C(Cl)Cl)Cl,26.5
CC1=CC(=CC=C1)C,28.47
CC1=CC=C(C=C1)C,28.01
C(F)(Cl)Cl,18
C(C(F)(Cl)Cl)(F)(Cl)Cl,23.5
C(C(F)(Cl)Cl)(F)(F)Cl,19.6
CC(C)CC(=O)C,23.6
C(=CCl)Cl,24
CCCCOC(=O)C,14.5
CC(CCO)O,37.8
CC(=O)OCCOC,32.1
CC(Cl)(Cl)Cl,25.18
CC(C)OC(=O)C,26
CCCOC(=O)C,24.3
C=O,27.3797
C=CC1=CC=CC=C1,32.3
CC(C)C1=CC=CC=C1,27.69
CC(CO)O,40.1
C=CC#N,27
C=CC=O,24
C=CCCl,27
CC(=C)C=O,23.41
C1CCC(=O)CC1,35.05
CC(=O)OC=C,23.95
C=CCO,25.68
CCOC(=O)C=C,25
COC(=O)C=C,24.2
CC(=C)C(=O)OC,28
CC(=C)C1=CC=CC=C1,32.4
CCOP(=S)(OCC)OC1=CC=C(C=C1)[N+](=O)[O-],39.2
ClCl,18
CC=O,21.2
COC=O,24
CC(=O)OC(=O)C,31.93
CCCC[Si](Cl)(Cl)Cl,25
C1CCC2CCCCC2C1,30
CCCCOCCCC,23
C1=CC=C(C=C1)[Si](C2=CC=CC=C2)(Cl)Cl,26
B(Br)(Br)Br,29.1
CCN(CC)CCO,29.2
CCCCC(CC)COC(=O)C1=CC=CC=C1C(=O)OCC(CC)CCCC,15
CCCCC(CC)COP(=O)(O)OCC(CC)CCCC,20
C[Si](C)(Cl)Cl,20.1
C1=CC=C(C=C1)COC(=O)Cl,25
C1=CC=C(C=C1)CCl,37.46
C1=CC=C(C=C1)CBr,32.3
C1=CC=C(C=C1)C(=O)Cl,36.3
C1=CC=C(C=C1)C=O,38
CCCC(=O)OCC,23.94
CCOC(=O)Cl,25
CCOC(=O)C(C)O,29.2
CCON=O,30
CCOP(=O)(Cl)Cl,32.8
F[Sb](F)(F)(F)F,20
CCCCCS,26.8
C(CCl)OCCCl,36
BrBr,40.9
CCCCN,23.44
CCNCC,19.85
C(CNCCN)N,43.8
CC(C)CC(=O)CC(C)C,23.92
CN(C)N,24.09
CCBr,23.62
CCCl,19.5
CCO[Si](OCC)(OCC)OCC,22.8
C(CBr)Br,38.75
CCCCOCCO,27.36
CCOCCOC(=O)C,31.8
C1CN1,34.5
C1=COC(=C1)C=O,41
CCCCC(=O)C,25.4
NN,66.7
OO,80.4
CCCCCCO,25.73
CC(C)CCO,23
CC(C)COC(=O)C,23.7
CC(C)CN,21.75
CC(C)C=O,22
CCC(C)C,15
CC1=CC(=O)CC(C1)(C)C,32
CC(=C)C=C,16.9
C=CCBr,26.9
CC(C)OC(C)C,17.1
CC(C)CC=O,23.2
CCOC(=O)CC(C(=O)OCC)SP(=S)(OC)OC,37.1
CCC(C)OC(=O)C,23.3
CCC(C)O,23
[Si](Cl)(Cl)(Cl)Cl,19.6
CCCCCCCCO,27.53
[CH3-].[CH3-].[Zn+2],18
C1=COC(=C1)CO,38
CC1=CCC2CC1C2(C)C,25.87
C1=CC=C(C(=C1)C=O)O,42
CCOP(=S)(C1=CC=CC=C1)OC2=CC=C(C=C2)[N+](=O)[O-],20.8
CBr,23
S(Cl)Cl,33.42
CCN,19.2
CC(C)N,16.8
CN,19.15
CCS,20
S(SCl)Cl,42.5
O=S(=O)(Cl)Cl,35.26
C[Si](Cl)(Cl)Cl,20.3
CCCCC=O,27.4
O=S(Cl)Cl,34
C(=S)(Cl)Cl,25
CC1CCCC1,21.6
CCCCN(CCCC)CCCC,24.9
CCl,16.2
C(SCl)(Cl)(Cl)Cl,35.02
C=C[Si](Cl)(Cl)Cl,28
C(CO)N(CCO)CCO,48.4
CCN(CC)CC,20.22
COCCl,30
CCCCOC(=O)C1=CC=CC=C1C(=O)OCCCC,34
CCOC(=O)C1=CC=CC=C1C(=O)OCC,37.5
CC(C)NC(C)C,19.64
COS(=O)(=O)OC,40.12
CNC,26.34
C1=CC=C(C=C1)OC2=CC=CC=C2,38.82
CCCC(=O)O,26.05
CCOC=O,24
CC(=O)C1=CC=CC=C1,39.04
[O-2].[O-2].[Cl-].[Cl-].[Cr+6],36.61
COCCOCCOCCO,31.4
CC(C)C[Al](CC(C)C)CC(C)C,24
CC(COC)O,27.7
P(Cl)(Cl)Cl,27.98
CCCCCCCCCC1=CC=CC=C1O,30
CCCS,24.7
[N+](=O)([N+](=O)[O-])[O-],27.5
CC(=O)CCl,35.27
CCCCCCl,24.9
CCCCCCCCCCO,28.9
CCCCCCCCC=C,24
CCCCCCCCCCCCO,29.493
CCCCCCCCCCC=C,26.6
CCCCCCCC=C,22.56
CCCCCCCCCCCCC=C,25
CCCCCCCCCC=C,31.5
CC(CCl)Cl,29
CN1CCCC1C2=CN=CC=C2,38.61
C(C=CCl)Cl,31.2
C(CCO)CO,44.6
C1=CC=C(C=C1)NN,46.1
CCCC=C(CC)C=O,28.2
CCCCCC(=O)C,26.17
CC(CC(C)(C)O)O,33.1
CNCCO,34.4
CC(C)[N+](=O)[O-],29.87
CC(C)CC(C)OC(=O)C,25
CNN,33.83
CN(C)C1=CC=CC=C1,35.52
CCC(=O)O,27.21
CCC=O,23.4
CC(=CC(=O)C)C,22.9
COC(=O)C(=C)C#N,37.41
P(Br)(Br)Br,45.8
CCCCCCCCC=CCCCCCCCC(=O)O,32.8
C1=CC=C(C(=C1)[N+](=O)[O-])Cl,43.7
C1=CC(=CC(=C1)Cl)[N+](=O)[O-],43.7
CN(C)CCO,28.2
C(C(CCl)Cl)Cl,37.7
C(C(Cl)Cl)Cl,34.02
C1=CC=C(C(=C1)O)Cl,40.5
C=CC(=O)O,28.1
CC(=C)CC(C)(C)C,20.7
C(C=CCCl)Cl,24
C(C(Br)Br)(Br)Br,49.67
C1CCC=CC1,26.56
C(=O)O,37.13
CNC1=CC=CC=C1,39.54
[N+](=O)(O)[O-],41.15
CCCCOP(=O)(OCCCC)OCCCC,27.55
CC1=CCC(CC1)C(=C)C,26
CC1=CC=CC=C1O,36.9
CC1=CC(=CC=C1)O,35.69
COCOC,21.1
C1=C(C=C(C(=C1O)O)O)C2=[O+]C3=CC(=CC(=C3C=C2O)O)O.[Cl-],35
CCCCCCC(CC=CCCCCCCCC(=O)OCC(COC(=O)CCCCCCCC=CCC(CCCCCC)O)OC(=O)CCCCCCCC=CCC(CCCCCC)O)O,39
C=C(Cl)Cl,24
C(C#CCO)O,58.9
CC[Al](CC)Cl.CC[Al](Cl)Cl,32
C1=CC=C(C(=C1)N)Cl,43.66
C=C1CC(=O)O1,33.89
CC(=O)CC(=O)C,31.2
CC1=CC(=C(C=C1)N)C,36.75
C1=CC=C(C=C1)NC2=CC=C(C=C2)N,30.8
CC1=CC=CC=C1[N+](=O)[O-],41.76
CCCCBr,25.9
CCC(C)Br,25
C(Br)(Br)Br,41.53
C(Cl)Br,33.32
CCC[N+](=O)[O-],30.64
CC1=C(C=C(C=C1)Cl)Cl,38.29
CCCNCCC,6.58
CC(=C)C(=O)O,26.5
CC(CO)OCC(C)OCC(C)O,35
C1=CC=C(C=C1)P(Cl)Cl,25
C1=CC=C(C=C1)CN,38.82
CCCC=O,29.9
CCC1CO1,23.5
CC1=CC(=CC=C1)[N+](=O)[O-],43.5
CC1OC(OC(O1)C)C,27.82
C1(=C(C(C(=C1Cl)Cl)(Cl)Cl)Cl)Cl,37.5
C(C(Cl)(Cl)Cl)Cl,32.1
CC1=CCC(CC1)C(=C)C,26
CS(=O)(=O)O,50.584
CCC(C)(C)O,22.77
C(CO)O,47.99
CCCC#N,27.33
CN1CCCC1=O,40.7
CCCCCOC(=O)C,12
CC1=CC=C(C=C1)C(C)C,28.09
CCC1=CN=C(C=C1)C,36
CCCCC(CC)C=O,27.8571
CCCN,22.4
CCCCCCCCCCCCCCC1=CC=CC=C1,32.881
CC(C)Cl,18.09
CC(C)(C)N,16.87
CC(C)C#N,24.93
C=C(CCl)Cl,29.9
CC(C)C(=O)O,24.4
CC1=CC=CC=C1Cl,33.44
CC1=CC(=C(C=C1)C)C,29.71
CCC(C)CC,18.12
CCC(=O)CC,24.7
C1CC(OC1)CO,37
CCCC(=O)OC(=O)CCC,28.84
C(CCl)CCl,33.93
CCCCCCCCCl,27.65
CCCCCCOCCOCCO,29.6
CCCCCCCCC=CCCCCCCCC(=O)OC,31.3
C1=CC=C(C=C1)OCCO,42
CC(=C)C#N,24.4
CC1(C2CCC(=C)C1C2)C,26.85
CCCCOCCOCCOCCO,31.4
C(=CCl)Cl,28
CC(C)C1=CC2=C(C=C1)C3(CCCC(C3CC2)(C)CN)C,33.8
CC(C)CCCC(C)CCCC(C)CCCC(C)(C=C)O,28.47
CCCCl,21.78
C[Si]1(O[Si](O[Si](O[Si](O[Si](O1)(C)C)(C)C)(C)C)(C)C)C,18.5
CCC=CC,16.8
CCCCCCCCCCCCC,25.55
CCCCCCCCCCCCCCC,27.07
CCC=CC,16.41
CCCCCCCCCCC,24.21
C(C=CCCl)Cl,24
CCCCCCC=O,25.68
CCC(C)N,22.42
C1=CC=C(C=C1)C(=O)N,47.26
C(=CCl)Cl,25
C1=CC=C2C(=C1)N=C(S2)SCSC#N,70.39
C1=CC=C(C=C1)C(CC(C2=CC=C(C=C2)C3=CC=C(C=C3)Br)O)C4=C(C5=CC=CC=C5OC4=O)O,72.1
CC(Cl)(Cl)Cl,25.4
CC(C)CCCCCO,27.53
C[Si](C)(C)O[Si](C)(C)O[Si](C)(C)C,20
C(C(F)(F)Br)(F)(F)Br,18
CN(CCO)CCO,40.9
C1=CC=C(C=C1)C(=O)C2=CC=CC=C2,45.1
CCCCCC(=O)O,23.4
CCCCCCCCCCCC(=O)O,26.6
CCCCCCCCCCCCCCCC,27.47
CC(C)OP(=O)(C)OC(C)C,28.8
COC(=O)OC,31.925
CC(=O)O.C(CCCBr)CCO,27
CCCCC1=CC=CC=C1,29.23
CCC(C)C1=CC=CC=C1,28.03
CC(CO)CO,72.2
CC(COC(C)(C)C)O,24.2
CC(CBr)Br,34.14
CCCCCCCCCC[N+](C)(C)CCCCCCCCCC.[Cl-],25.82
CC(CC=O)CC(C)(C)C,25.5
C[Si]1(O[Si](O[Si](O[Si](O[Si](O[Si](O1)(C)C)(C)C)(C)C)(C)C)(C)C)C,19.2
CCOC(C)(C)C,19.8
CCCC(=O)CCC,25.2
CC1=C(C(=O)CC1OC(=O)C2C(C2(C)C)C=C(C)C)CC#C,34
O,71.97
CC(COC1=CC=CC=C1)O,38.1
CC(=CCCC(=CCCC(=CCCC=C(C)CCC=C(C)CCC=C(C)C)C)C)C,33.9
CCCCCCCCCCCCCC,26.1
O(CCCCCCCC)CCCCCCCC,27.1
CCCCCCCC(OCCCCCCCCCCCC)=O,28.3
CCCCCCCC(OCC(CCC)CCCCC)=O,27.4
O=C(OC(C)C)CCCCC(OC(C)C)=O,28.7
CCCCCCCCCCCC,24.8
CCCCC(CC)C(OCC(C)(C)COC(C(CC)CCCC)=O)=O,28
CCCCCCCCCCCC(OCCC(C)C)=O,28.3
O=C(OCCC(C)C)CCCCCCCCC(OCCC(C)C)=O,29.4
CCC(CCCC(CCCC(C)C)C)C,24.9
CC(C)(C)CC(C)CC(C)(C)C,21.6
CC(C)(C)CC(C)(C)CC(C)CC(C)(C)C,24.2
O=C(OCCCCCCCC)OCCCCCCCC,28.8
CCCCCCCC(OCCCOC(CCCCCCC)=O)=O,27.8
CC(C)(C)C(OCCCCCCCC(C)C)=O,25.4
CCCCCCCCCCCC(OCC(CC)CCCC)=O,28.7
CC(C)(COC(CCCCCC)=O)COC(CCCCCC)=O,28.8
CC(C)CCCCCC(OCCCCCCC(C)C)=O,26.2
O=C(OC(C)C)CCCCCCCCCCCCC,28.3
CCCCC(CC)COC(CCCCC(OCC(CC)CCCC)=O)=O,29.5
CC(C)CCCCCCCCCCCCCCC(OC(C)C)=O,27.6
O=C(C(CC)CCCC)OCC(COC(C(CC)CCCC)=O)OC(C(CC)CCCC)=O,28.9
C[Si]1(C)O[Si](C)(C)O[Si](C)(C)O[Si](C)(C)O[Si](C)(C)O[Si](C)(C)O1,18.8
CCCCC,15.5
C(C)CCCC,18
CCCCCCC,19.8
CCCCCCCC,21.1
CCCCCCCCC,22.4
CCCCCCCCCC,23.4
CCCCCCCCCCC,24.2
CCCCCCCCCCCCC,25.6
CCCCCCCCCCCCCCC,26.7
CCCCCCCCCCCCCCCC,27.1
CCCCCCCCCCCCCCCCC,27.5
CC(C)CCCC(C)CCCC(C)CCCCC(C)CCCC(C)CCCC(C)C,29
CC(C)(C)CC,15.8
CC(C)C(C)C,16.9
CC(C)(C)C(C)C,18.3
CC(C)(C)CCC,17.5
CC(C)CCCC,18.8
CC(C)(C)C(C)CC,20.2
CC(C)(C)CC(C)C,18.3
CCC(CC)CCC,21.1
CC(C)(CC(C)(C)C)C,19.9
CCCCCC(C)C,20.3
CCCCCCC(C)C,21.4
C1CCCC1,22
C1CCCCC1,24.6
C1CCCCCC1,27
C1CCCCCCC1,29.3
C(CCC1)(C1)C,21.7
CCC1CCCC1,23.3
CCCC1CCCC1,24.4
C(CC1)CC1C(C)C,23.9
C(CC1)CC1CC(C)C,24.3
C(CCCC1)(C1)C,23.3
CC1CCCC(C)C1,23.3
CC1CCCCC1C,24.4
CCCC1CCCCC1,25.8
C(CCCC1)(C1)C(C)C,26
C(CCCC1)(C1)CCCC,26.5
C(CCC1CC(C)C)CC1,25.3
C(CCC1C(C)(C)C)CC1,26.2
C12CCCCC1CCCC2,30.6
C1=CCCC1,22
C(CCC1)(C1)=C,23.8
CC1C=CCC1,22.1
C1=CCCCC1,26.1
C(=CCCC1)(C1)C,26
C1=CC=CC=C1,28.2
C1=CC=CC=C1C,28
C1=C(C(=CC=C1)C)C,29.6
C1=C(C=CC=C1C)C,28.4
C1=CC(=CC=C1C)C,27.8
C1=CC=CC=C1CC,28.6
CC1=CC=CC(C)=C1C,28.3
CC1=C(C)C=CC(C)=C1,29.2
CC1=CC(C)=CC(C)=C1,28.1
CCCC1=CC=CC=C1,28.4
CCC1=C(CC)C=CC=C1,29.8
CCC1=CC(CC)=CC=C1,28.7
CCC1=CC=C(CC)C=C1,28.5
CCCCC1=CC=CC=C1,28.7
CC(C)CC1=CC=CC=C1,27
CCC(C1=CC=CC=C1)C,28
CC(C1=CC=CC=C1)(C)C,27.6
CC1=CC=CC=C1CC,29.7
CC1=CC=CC(CC)=C1,28.5
CC1=CC=C(CC)C=C1,28.3
CCCCCCCCCCC1=CC=CC=C1,30.5
C1=CC=CC=C1C=C,31
C2=C1CCCCC1=CC=C2,33.2
CO,22.1
C(C)O,22.2
C(CO)C,23.3
CC(O)C,20.8
C(CCO)C,24.2
CC(O)CC,22.1
CC(C)CO,22.4
CC(C)(O)C,20
C(CCO)CC,25
CC(C)CCO,23.7
CCCCCCO,25.9
C(C(C)C)C(C)O,22.6
C(C(CC)CO)C,24.5
CCCCCCCO,26.7
CCCCCCCCO,27.1
C(C(CO)CC)CCC,27.1
CCCCCCCCCO,27.9
CCCCCCCCCCO,28.4
CCCCCCCCCCCO,28.6
CCCCCCCCCCCCO,29.4
C=CCO,25.3
C#CCO,35.4
C(OC)CO,30.8
C1C(CCCC1)O,32.9
OC1CCCCCC1,32.7
OCC1=CC=CC=C1,37
CCC(C1=CC=CC=C1)O,33.5
C1=C(C)C=CC=C1O,35.7
C(CO)O,47.8
C(C(O)C)O,36
OCCCO,45.2
C(C(C)O)CO,37.7
C(O)COCCO,44.8
C(C)OCCO,28.6
CC(O)COC,27.6
OCCOCCC,29.3
C(OCCO)CCC,27.4
OCCOCCOCC,33.5
OCCOCCOCCOC,36.8
OCCOCCCCCC,27.7
C(C)CCOCCOCCO,29.7
OCCOCCOCCO,45.1
OCCOCCOCCCCCC,29.8
OCCOCCOCCOCCCC,32
OC(CO)COC(C)=O,41.4
C(OCC)C,16.5
COCCCC,19.5
COC(C)(C)C,19.1
CCCOCC,19.3
CCCOCCC,20
CC(OC(C)C)C,17.3
O(C)CCCCC,21.4
O(CCCC)CC,20.2
CCCCOCCCC,22.4
O(CCCCC)CCCCC,24.4
O(CCCCCC)CCCCCC,25.4
C1(COCC2=CC=CC=C2)=CC=CC=C1,39.6
CC1CO1,22.2
C1=COC=C1,23.8
C1CCCO1,26.5
COCCOC,24.2
C1COCCO1,32.8
COCCOCCOC,29.4
COCCOCCOCCOCCOC,33.7
C(OC)OC,20.7
O(C(OC)C)C,21
O(CC)COCC,20.2
O(C(OCC)C)CC,20.9
CC(OCCCC)OCCCC,24
O(C(OC(O1)C)C)C1C,25.6
CCOC(OCC)OCC,23.1
CCOCCOCCOCC,26.8
COC1=CC=CC=C1,34.5
CCOC1=CC=CC=C1,32.4
COC1=CC=C(C)C=C1,33.5
C=CCOC1=CC=CC=C1,33.3
CCCOC1=CC=CC=C1,31.6
CC=O,20.6
CCCC=O,24.2
C/C=C/C=O,25.7
O=CCC(C)C,23.2
O=CC(OC=C1)=C1,41.3
C1=CC=CC=C1C=O,38
OC1=CC=CC=C1C=O,42.3
CC(=O)C,22.7
C(C(C)=O)C,24
C(C(C)C)C(C)=O,23.5
CC(C)=CC(C)=O,27.9
C(C(C)=O)C(C)(O)C,29.6
C(CC(C)=O)C(C)C,25.3
C(C(C)C)C(=O)CC(C)C,24.1
O=C1CCCC1,32.8
O=C1CCCCC1,34.3
CC1=CC(=O)CC(C1)(C)C,31.2
O=CO,38.2
CC(O)=O,27.1
O=C(O)CC,26.2
C=CC(O)=O,28.5
C(C(O)=O)CC,26.1
CC(C)C(O)=O,24.6
OC(=O)CC=C,28.3
CC(C(O)=O)=C,29.1
O=C(O)CCCC,26.5
CC(C)CC(O)=O,25
O=C(O)CCCCC,27.2
O=C(O)CCCCCC,27.7
O=C(O)CCCCCCC,28.7
O=C(O)CCCCCCCC,29.5
CCCCCCCC/C=C\CCCCCCCC(O)=O,32.3
O=COC,24.3
O=COCC,23.3
O=COCCC,23.9
O=COC(C)C,21.7
O=COCCCC,24.5
O=COCC(C)C,23.3
O=COCCCCC,25.5
O=COCCCCCC,26.4
O=COCCC(C)C,24.4
CC(OC)=O,24.5
C(OC(C)=O)C,23.5
CC(OC=C)=O,23.6
O=C(OCC=C)C,25.8
CC(OCCC)=O,23.8
CC(OC(C)C)=O,21.8
CC(OCC(C)C)=O,23.1
CC(OC(C)CC)=O,23
CC(OC(C)(C)C)=O,21.9
C(C)CCOC(C)=O,24.8
CC(OCCCCC)=O,25.1
C(C(C)C)COC(=O)C,24
CC(OCCCCCC)=O,26
CC(OCCCCCCCC)=O,27.3
C(OC(C)=O)COCC,28
C=CC(OC)=O,25.2
O=C(OC)CC,24.2
O=C(OC)CCC,24.5
O=C(OC)C(C)C,23.2
CCC(OCC)=O,23.8
O=C(OCC)C(O)C,28.3
CCC(OCCC)=O,24.2
O=C(OCC)C=CC,26.6
CCCC(OCC)=O,23.9
CC(C)C(OCC)=O,22.7
O=C(OC)CC(C)C,23.7
O=C(OC)CCCC,25.2
CCC(OCCCC)=O,24.8
CCCC(OCCC)=O,24.6
CCCCCC(OC)=O,25.9
CCCCC(OCC)=O,24.7
O=C(OCC)CC(C)C,23.2
O=C(OCCC)C(C)C,23.3
CCCC(OCCCC)=O,25.2
O=C(OCC)CCCCC,25.4
CC(C)CC(OCCC)=O,23.8
O=C(OC)CCCCCC,26.6
O=C(OCC)CCCCCC,26
O=C(OC)CCCCCCC,27.4
O=C(OCCCC)CCCC,25.7
O=C(OCC)CCCCCCC,26.8
O=C(OC)CCCCCCCC,28.7
O=C(OCCCCC)CCCC,25.7
O=C(OC)CCCCCCCCC,28
O=C(OC)CCCCCCCCCCC,29.1
O=C(OC)CCCCCCCCCCCCC,29.4
O=C(OCCCCCCCC)CCCCCCC,28.3
O=C(OC)CCCCCCCCCCCCCCC,29.6
O=C(OC)CCCCCCCCCCCCCCCCC,30.3
O=C(OC)CC(=O)C,32.6
O=C(OCC)CC(=O)C,31.9
O=C(OC)C=CC(=O)OC,37.7
O=C(OCC)C=CC(=O)OCC,32.1
O=C(OCCCC)C=CC(=O)OCCCC,30.3
O=C(OCCCC)CCCCCCCCC(OCCCC)=O,31.6
CC(OCC(OC(C)=O)COC(C)=O)=O,35.9
O=C(OCC(OC(CCC)=O)COC(CCC)=O)CCC,30.5
CCCCCCCC(OCC(COC(CCCCCCC)=O)OC(CCCCCCC)=O)=O,29.3
O=C(OC)C1=CC=CC=C1,37.3
OC1=CC=CC=C1C(OC)=O,39.2
O=C(OCC)C1=CC=CC=C1,34.6
O=C(OCC)C1=CC=CC=C1C(OCC)=O,36.7
C[Si](C)(C)C,12.3
CC[SiH](CC)CC,20.3
CCO[SiH](OCC)OCC,20.8
CC[Si](CC)(CC)CC,22.5
C[Si](C)(C)O[Si](C)(C)C,15.4
CC[Si](CC)(CC)O[Si](CC)(CC)CC,22
C[Si](C)(C)O[Si](C)(C)O[Si](C)(C)C,16.6
C[Si]1(C)O[Si](C)(C)O[Si](C)(C)O[Si](C)(C)O1,18.2
C[Si](C)(C)O[Si](C)(C)O[Si](C)(C)O[Si](C)(C)C,17.4
C[Si]1(C)O[Si](C)(C)O[Si](C)(C)O[Si](C)(C)O[Si](C)(C)O1,18.2
C[Si](C)(C)O[Si](C)(C)O[Si](C)(C)O[Si](C)(C)O[Si](C)(C)C,17.5
C[Si](C)(C)O[Si](C)(C)O[Si](C)(C)O[Si](C)(C)O[Si](C)(C)O[Si](C)(C)C,17.6
C[Si](C)(C)O[Si](C)(C)O[Si](C)(C)O[Si](C)(C)O[Si](C)(C)O[Si](C)(C)O[Si](C)(C)C,17.6
C[Si](C)(C)O[Si](C)(C)O[Si](C)(C)O[Si](C)(C)O[Si](C)(C)O[Si](C)(C)O[Si](C)(C)O[Si](C)(C)C,18.9
CCCO[Si](OCCC)(OCCC)OCCC,23.1
O=C(OC)OC,28.7
CC1COC(O1)=O,40.9
O=C(OCC)OCC,26
O=C(OCCC)OCCC,26.5
CC(OC(C)=O)=O,32
"C[Si](C)(C)CO[Si](C)(C)CO[Si](C)(C)CO[Si](C)(C)CO[Si](C)(C)CO[Si](C)(C)CO[Si](C)(C)CO[Si](C)(C)CO[Si](C)(C)CO[Si](C)(C)CO[Si](C)(C)CO[Si](C)(C)CO[Si](C)(C)CO[Si](C)(C)CO[Si](C)(C)CO[Si](C)(C)CO[Si](C)(C)CO[Si](C)(C)CO[Si](C)(C)CO[Si](C)(C)CO[Si](C)(C)CO[Si](C)(C)CO[Si](C)(C)CO[Si](C)(C)CO[Si](C)(C)CO[Si](C)(C)CO[Si](C)(C)CO[Si](C)(C)CO[Si](C)(C)CO[Si](C)(C)CO[Si](C)(C)CO[Si](C)(C)CO[Si](C)(C)CO[Si](C)(C)CO[Si](C)(C)CO[Si](C)(C)CO[Si](C)(C)CO[Si](C)(C)CO[Si](C)(C)CO[Si](C)(C)CO[Si](C)(C)CO[Si](C)(C)CO[Si](C)(C)CO[Si](C)(C)CO[Si](C)(C)CO[Si](C)(C)CO[Si](C)(C)C

",20.9
C[Si](C)(C)CO[Si](C)(C)CO[Si](C)(C)CO[Si](C)(C)CO[Si](C)(C)CO[Si](C)(C)CO[Si](C)(C)CO[Si](C)(C)CO[Si](C)(C)CO[Si](C)(C)CO[Si](C)(C)CO[Si](C)(C)CO[Si](C)(C)CO[Si](C)(C)CO[Si](C)(C)CO[Si](C)(C)CO[Si](C)(C)CO[Si](C)(C)CO[Si](C)(C)CO[Si](C)(C)CO[Si](C)(C)CO[Si](C)(C)CO[Si](C)(C)CO[Si](C)(C)CO[Si](C)(C)CO[Si](C)(C)CO[Si](C)(C)CO[Si](C)(C)CO[Si](C)(C)CO[Si](C)(C)CO[Si](C)(C)CO[Si](C)(C)C,20.5
C[Si](C)(C)CO[Si](C)(C)CO[Si](C)(C)CO[Si](C)(C)CO[Si](C)(C)CO[Si](C)(C)CO[Si](C)(C)CO[Si](C)(C)CO[Si](C)(C)C,18.8
C[Si](C)(C)CO[Si](C)(C)CO[Si](C)(C)CO[Si](C)(C)CO[Si](C)(C)CO[Si](C)(C)CO[Si](C)(C)CO[Si](C)(C)CO[Si](C)(C)CO[Si](C)(C)CO[Si](C)(C)CO[Si](C)(C)CO[Si](C)(C)CO[Si](C)(C)C,19.9
C[Si](C)(C)CO[Si](C)(C)CO[Si](C)(C)CO[Si](C)(C)CO[Si](C)(C)CO[Si](C)(C)CO[Si](C)(C)CO[Si](C)(C)CO[Si](C)(C)CO[Si](C)(C)CO[Si](C)(C)CO[Si](C)(C)CO[Si](C)(C)CO[Si](C)(C)CO[Si](C)(C)CO[Si](C)(C)CO[Si](C)(C)CO[Si](C)(C)CO[Si](C)(C)CO[Si](C)(C)CO[Si](C)(C)CO[Si](C)(C)CO[Si](C)(C)CO[Si](C)(C)CO[Si](C)(C)CO[Si](C)(C)CO[Si](C)(C)CO[Si](C)(C)CO[Si](C)(C)CO[Si](C)(C)CO[Si](C)(C)CO[Si](C)(C)CO[Si](C)(C)CO[Si](C)(C)CO[Si](C)(C)CO[Si](C)(C)CO[Si](C)(C)CO[Si](C)(C)CO[Si](C)(C)CO[Si](C)(C)CO[Si](C)(C)CO[Si](C)(C)CO[Si](C)(C)CO[Si](C)(C)CO[Si](C)(C)CO[Si](C)(C)CO[Si](C)(C)CO[Si](C)(C)CO[Si](C)(C)CO[Si](C)(C)CO[Si](C)(C)CO[Si](C)(C)C,21
C[Si](C)(C)CO[Si](C)(C)CO[Si](C)(C)CO[Si](C)(C)CO[Si](C)(C)CO[Si](C)(C)CO[Si](C)(C)CO[Si](C)(C)CO[Si](C)(C)CO[Si](C)(C)CO[Si](C)(C)CO[Si](C)(C)CO[Si](C)(C)CO[Si](C)(C)CO[Si](C)(C)CO[Si](C)(C)CO[Si](C)(C)CO[Si](C)(C)CO[Si](C)(C)CO[Si](C)(C)CO[Si](C)(C)CO[Si](C)(C)CO[Si](C)(C)CO[Si](C)(C)CO[Si](C)(C)CO[Si](C)(C)CO[Si](C)(C)CO[Si](C)(C)CO[Si](C)(C)CO[Si](C)(C)CO[Si](C)(C)CO[Si](C)(C)CO[Si](C)(C)CO[Si](C)(C)CO[Si](C)(C)CO[Si](C)(C)CO[Si](C)(C)CO[Si](C)(C)CO[Si](C)(C)CO[Si](C)(C)CO[Si](C)(C)CO[Si](C)(C)CO[Si](C)(C)CO[Si](C)(C)CO[Si](C)(C)CO[Si](C)(C)CO[Si](C)(C)CO[Si](C)(C)CO[Si](C)(C)CO[Si](C)(C)CO[Si](C)(C)CO[Si](C)(C)C,21
ICI,50.8