smiles,surface_tension,predicted_surface_tension
CC(=O)O,27.1,25.21590642
CC(=O)C,23.7,24.00816742
CC#N,29.04,28.75629425
C1=CC=C(C=C1)N,42.12,42.02002477
COC1=CC=CC=C1,35,35.55542453
C1=CC=C(C=C1)C#N,38.79,42.48794868
C1=CC=C(C=C1)CO,39,39.45181769
C1=CC=C(C=C1)Br,36,35.14303801
CCCCO,24.93,24.64433086
CC(C)CO,23,21.91287592
CCOCCOCCO,31.8,32.07063851
C(=S)=S,32.25,31.1956204
CCOCCO,28.2,28.73598152
C1=CC=C(C=C1)Cl,33.5,32.40249344
C(Cl)(Cl)Cl,27.1,26.35565683
C1CCCCC1,24.98,24.41754333
C1CCC(CC1)O,33.47,34.40074446
CCCCCCCCCC,23.37,24.92455549
CC(Cl)Cl,24.07,23.59695924
C(CCl)Cl,32.2,32.86853579
C(Cl)Cl,28.2,28.16717803
C(COCCO)O,48.5,51.42191662
CCOCC,17.06,22.16564111
COCCOC,24.61,24.18455098
CC(=O)N(C)C,34,35.17820694
CN(C)C=O,36.42,25.30440035
C1COCCO1,32.75,34.11796858
CCO,21.97,20.20545703
CCOC(=O)C,24,23.66850765
CCC1=CC=CC=C1,29.2,29.37812019
CCCCCCC,19.66,19.91909136
CCCCCC,17.89,17.99839433
CC1=CC(=CC(=C1)C)C,28.84,29.65986736
CO,22.07,21.0704213
CC(=O)NC,33.67,35.2941658
CC(=O)OC,24.73,24.33412258
COCCO,30.84,30.33697541
CCC(=O)C,23.97,23.46805278
CNC=O,37.96,31.33779892
C1COCCN1,37.5,38.71470846
C1=CC=C(C=C1)[N+](=O)[O-],46.34,46.52062083
CC[N+](=O)[O-],32.66,31.77175656
C[N+](=O)[O-],37.19,36.9849642
CCCCCCCC,21.14,21.89944449
CCCCC,16,16.54408595
CC(C)(C)C,12.05,16.49349387
CCCCCO,25.5,25.59181971
CCCO,23.75,23.37850838
CC(C)O,20.93,18.72473547
CCC#N,27.25,27.15637821
C1=CC=C2C(=C1)C=CC=N2,45,46.72378802
C(C(Cl)Cl)(Cl)Cl,34.72,34.92086851
C(=C(Cl)Cl)(Cl)Cl,31.5,31.86332328
C1CCOC1,26.4,25.23821665
C1CCC2=CC=CC=C2C1,35.5,36.84118317
CC1=CC=CC=C1,27.73,32.14679303
C(=C(Cl)Cl)Cl,26.5,30.77205341
CC1=CC(=CC=C1)C,28.47,27.45264545
CC1=CC=C(C=C1)C,28.01,26.86251985
C(F)(Cl)Cl,18,16.72637541
C(C(F)(Cl)Cl)(F)(Cl)Cl,23.5,22.0007008
C(C(F)(Cl)Cl)(F)(F)Cl,19.6,19.44978681
CC(C)CC(=O)C,23.6,24.13087808
C(=CCl)Cl,24,23.63163564
CCCCOC(=O)C,14.5,9.961816023
CC(CCO)O,37.8,40.07679041
CC(=O)OCCOC,32.1,32.91358712
CC(Cl)(Cl)Cl,25.18,25.31257853
CC(C)OC(=O)C,26,25.45782782
CCCOC(=O)C,24.3,22.70800549
C=O,27.3797,26.36446219
C=CC1=CC=CC=C1,32.3,32.71567173
CC(C)C1=CC=CC=C1,27.69,30.38033096
CC(CO)O,40.1,42.75789937
C=CC#N,27,27.62011252
C=CC=O,24,26.95312952
C=CCCl,27,25.45921329
CC(=C)C=O,23.41,21.97544342
C1CCC(=O)CC1,35.05,36.49583141
CC(=O)OC=C,23.95,23.02822742
C=CCO,25.68,24.94024375
CCOC(=O)C=C,25,24.23422307
COC(=O)C=C,24.2,26.35436961
CC(=C)C(=O)OC,28,27.96502441
CC(=C)C1=CC=CC=C1,32.4,33.26619158
CCOP(=S)(OCC)OC1=CC=C(C=C1)[N+](=O)[O-],39.2,39.66502173
ClCl,18,16.3443346
CC=O,21.2,19.74814079
COC=O,24,22.01164155
CC(=O)OC(=O)C,31.93,31.71294443
CCCC[Si](Cl)(Cl)Cl,25,22.73941036
C1CCC2CCCCC2C1,30,27.87750491
CCCCOCCCC,23,23.3193374
C1=CC=C(C=C1)[Si](C2=CC=CC=C2)(Cl)Cl,26,24.0494281
B(Br)(Br)Br,29.1,27.53450001
CCN(CC)CCO,29.2,30.23890394
CCCCC(CC)COC(=O)C1=CC=CC=C1C(=O)OCC(CC)CCCC,15,12.46242849
CCCCC(CC)COP(=O)(O)OCC(CC)CCCC,20,18.10142493
C[Si](C)(Cl)Cl,20.1,18.45602561
C1=CC=C(C=C1)COC(=O)Cl,25,20.96559258
C1=CC=C(C=C1)CCl,37.46,37.34293047
C1=CC=C(C=C1)CBr,32.3,30.09507348
C1=CC=C(C=C1)C(=O)Cl,36.3,33.86609955
C1=CC=C(C=C1)C=O,38,39.0926866
CCCC(=O)OCC,23.94,26.45047736
CCOC(=O)Cl,25,27.31400976
CCOC(=O)C(C)O,29.2,28.29627294
CCON=O,30,29.30284669
CCOP(=O)(Cl)Cl,32.8,34.04888186
F[Sb](F)(F)(F)F,20,19.98755121
CCCCCS,26.8,26.35762696
C(CCl)OCCCl,36,36.94559633
BrBr,40.9,43.16869974
CCCCN,23.44,22.69856199
CCNCC,19.85,15.89227097
C(CNCCN)N,43.8,46.16155417
CC(C)CC(=O)CC(C)C,23.92,23.77636952
CN(C)N,24.09,22.11960585
CCBr,23.62,23.88222775
CCCl,19.5,19.36050849
CCO[Si](OCC)(OCC)OCC,22.8,27.64752784
C(CBr)Br,38.75,39.28402462
CCCCOCCO,27.36,27.50142363
CCOCCOC(=O)C,31.8,32.41144359
C1CN1,34.5,35.88392676
C1=COC(=C1)C=O,41,41.38588043
CCCCC(=O)C,25.4,25.5338683
NN,66.7,71.40731732
OO,80.4,85.69015551
CCCCCCO,25.73,25.91840496
CC(C)CCO,23,22.65621638
CC(C)COC(=O)C,23.7,23.29469785
CC(C)CN,21.75,20.3459195
CC(C)C=O,22,21.64675339
CCC(C)C,15,13.56716138
CC1=CC(=O)CC(C1)(C)C,32,33.71749241
CC(=C)C=C,16.9,13.49107354
C=CCBr,26.9,27.37048937
CC(C)OC(C)C,17.1,15.76520064
CC(C)CC=O,23.2,22.50319093
CCOC(=O)CC(C(=O)OCC)SP(=S)(OC)OC,37.1,36.91532406
CCC(C)OC(=O)C,23.3,22.59188814
CCC(C)O,23,23.16533526
[Si](Cl)(Cl)(Cl)Cl,19.6,17.7510454
CCCCCCCCO,27.53,27.66784411
[CH3-].[CH3-].[Zn+2],18,16.09646382
C1=COC(=C1)CO,38,38.10651537
CC1=CCC2CC1C2(C)C,25.87,25.38989045
C1=CC=C(C(=C1)C=O)O,42,44.99855354
CCOP(=S)(C1=CC=CC=C1)OC2=CC=C(C=C2)[N+](=O)[O-],20.8,19.59295065
CBr,23,21.97329032
S(Cl)Cl,33.42,33.49157591
CCN,19.2,20.5702318
CC(C)N,16.8,14.93920867
CN,19.15,17.50101766
CCS,20,18.22149607
S(SCl)Cl,42.5,44.10383499
O=S(=O)(Cl)Cl,35.26,35.05212264
C[Si](Cl)(Cl)Cl,20.3,18.30590898
CCCCC=O,27.4,28.46833066
O=S(Cl)Cl,34,33.60687699
C(=S)(Cl)Cl,25,22.51451372
CC1CCCC1,21.6,21.29874344
CCCCN(CCCC)CCCC,24.9,17.21364758
CCl,16.2,14.63962996
C(SCl)(Cl)(Cl)Cl,35.02,35.51914233
C=C[Si](Cl)(Cl)Cl,28,28.73216769
C(CO)N(CCO)CCO,48.4,51.1976797
CCN(CC)CC,20.22,21.96011594
COCCl,30,31.91417064
CCCCOC(=O)C1=CC=CC=C1C(=O)OCCCC,34,34.71139148
CCOC(=O)C1=CC=CC=C1C(=O)OCC,37.5,35.72695235
CC(C)NC(C)C,19.64,15.84499294
COS(=O)(=O)OC,40.12,40.62506648
CNC,26.34,22.05226184
C1=CC=C(C=C1)OC2=CC=CC=C2,38.82,39.10762945
CCCC(=O)O,26.05,25.33818832
CCOC=O,24,26.75157554
CC(=O)C1=CC=CC=C1,39.04,40.41937123
[O-2].[O-2].[Cl-].[Cl-].[Cr+6],36.61,37.05591861
COCCOCCOCCO,31.4,32.35492743
CC(C)C[Al](CC(C)C)CC(C)C,24,23.78285008
CC(COC)O,27.7,26.53262313
P(Cl)(Cl)Cl,27.98,26.94580627
CCCCCCCCCC1=CC=CC=C1O,30,30.95424943
CCCS,24.7,25.32532255
[N+](=O)([N+](=O)[O-])[O-],27.5,25.30077577
CC(=O)CCl,35.27,38.87348647
CCCCCCl,24.9,26.0862486
CCCCCCCCCCO,28.9,29.30785706
CCCCCCCCC=C,24,26.12265546
CCCCCCCCCCCCO,29.493,29.92606599
CCCCCCCCCCC=C,26.6,28.24740795
CCCCCCCC=C,22.56,27.51069092
CCCCCCCCCCCCC=C,25,26.08325732
CCCCCCCCCC=C,31.5,31.4920239
CC(CCl)Cl,29,30.16100391
CN1CCCC1C2=CN=CC=C2,38.61,41.66159592
C(C=CCl)Cl,31.2,31.95724603
C(CCO)CO,44.6,45.95277422
C1=CC=C(C=C1)NN,46.1,47.45576124
CCCC=C(CC)C=O,28.2,28.81277353
CCCCCC(=O)C,26.17,19.70516123
CC(CC(C)(C)O)O,33.1,33.29811668
CNCCO,34.4,34.95636762
CC(C)[N+](=O)[O-],29.87,29.30293632
CC(C)CC(C)OC(=O)C,25,24.59362603
CNN,33.83,33.10404976
CN(C)C1=CC=CC=C1,35.52,35.70115636
CCC(=O)O,27.21,25.76865522
CCC=O,23.4,22.98852841
CC(=CC(=O)C)C,22.9,22.77818679
COC(=O)C(=C)C#N,37.41,38.32211153
P(Br)(Br)Br,45.8,48.62259905
CCCCCCCCC=CCCCCCCCC(=O)O,32.8,33.40384059
C1=CC=C(C(=C1)[N+](=O)[O-])Cl,43.7,43.58881217
C1=CC(=CC(=C1)Cl)[N+](=O)[O-],43.7,43.73330059
CN(C)CCO,28.2,27.12547425
C(C(CCl)Cl)Cl,37.7,38.32902117
C(C(Cl)Cl)Cl,34.02,34.58121068
C1=CC=C(C(=C1)O)Cl,40.5,41.20381968
C=CC(=O)O,28.1,25.93195397
CC(=C)CC(C)(C)C,20.7,19.51935221
C(C=CCCl)Cl,24,23.10670094
C(C(Br)Br)(Br)Br,49.67,54.06949273
C1CCC=CC1,26.56,26.47786143
C(=O)O,37.13,36.81232311
CNC1=CC=CC=C1,39.54,37.31777037
[C-]#[O+].[C-]#[O+].[C-]#[O+].[C-]#[O+].[Ni],15.9,33.84691363
[N+](=O)(O)[O-],41.15,41.03190016
CCCCOP(=O)(OCCCC)OCCCC,27.55,28.56669475
CC1=CCC(CC1)C(=C)C,26,25.3611921
CC1=CC=CC=C1O,36.9,35.45001309
CC1=CC(=CC=C1)O,35.69,36.20944705
COCOC,21.1,24.57955936
C1=C(C=C(C(=C1O)O)O)C2=[O+]C3=CC(=CC(=C3C=C2O)O)O.[Cl-],35,33.54953956
CCCCCCC(CC=CCCCCCCCC(=O)OCC(COC(=O)CCCCCCCC=CCC(CCCCCC)O)OC(=O)CCCCCCCC=CCC(CCCCCC)O)O,39,39.94069535
C=C(Cl)Cl,24,23.83004951
C(C#CCO)O,58.9,65.52751888
CC[Al](CC)Cl.CC[Al](Cl)Cl,32,33.37663948
C1=CC=C(C(=C1)N)Cl,43.66,44.93863136
C=C1CC(=O)O1,33.89,33.27826041
CC(=O)CC(=O)C,31.2,32.57329196
C1=CC=C(C=C1)C(Cl)(Cl)Cl,38.03,27.99305081
CC1=CC(=C(C=C1)N)C,36.75,36.73531978
C1=CC=C(C=C1)NC2=CC=C(C=C2)N,30.8,27.96374267
CC1=CC=CC=C1[N+](=O)[O-],41.76,42.38797701
CCCCBr,25.9,26.57212113
CCC(C)Br,25,26.62604465
C(Br)(Br)Br,41.53,45.20433512
C(Cl)Br,33.32,32.92692755
CCC[N+](=O)[O-],30.64,29.75764937
CC1=C(C=C(C=C1)Cl)Cl,38.29,39.80428911
CCCNCCC,6.58,3.76963494
CC(=C)C(=O)O,26.5,26.43639812
CC(CO)OCC(C)OCC(C)O,35,35.77406738
C1=CC=C(C=C1)P(Cl)Cl,25,22.57537458
C1=CC=C(C=C1)CN,38.82,38.9654829
CCCC=O,29.9,29.98762563
CCC1CO1,23.5,22.75956975
CC1=CC(=CC=C1)[N+](=O)[O-],43.5,44.12671121
CC1OC(OC(O1)C)C,27.82,26.87687546
C1(=C(C(C(=C1Cl)Cl)(Cl)Cl)Cl)Cl,37.5,38.25990933
C(C(Cl)(Cl)Cl)Cl,32.1,32.89790014
CC1=CCC(CC1)C(=C)C,26,25.3611921
C1CC(=O)OC1,44.6,36.08323486
CS(=O)(=O)O,50.584,53.3914862
CCC(C)(C)O,22.77,23.27599899
C(CO)O,47.99,51.38588599
CCCC#N,27.33,27.31146367
CN1CCCC1=O,40.7,43.03104815
CCCCCOC(=O)C,12,18.14691579
CC1=CC=C(C=C1)C(C)C,28.09,27.23289255
CCC1=CN=C(C=C1)C,36,36.87852613
CCCCC(CC)C=O,27.8571,28.64024406
CCCN,22.4,19.45160748
CCCCCCCCCCCCCCC1=CC=CC=C1,32.881,34.58061474
CC(C)Cl,18.09,16.97018351
CC(C)(C)N,16.87,20.8009918
CC(C)C#N,24.93,24.51644683
C=C(CCl)Cl,29.9,31.09956878
CC(C)C(=O)O,24.4,25.60895465
CC1=CC=CC=C1Cl,33.44,33.5651969
CC1=CC(=C(C=C1)C)C,29.71,29.82095019
CCC(C)CC,18.12,16.86056734
CCC(=O)CC,24.7,25.01529369
C1CC(OC1)CO,37,38.25561923
CCCC(=O)OC(=O)CCC,28.84,23.75552722
C(CCl)CCl,33.93,33.83662745
CCCCCCCCCl,27.65,28.53104166
CCCCCCOCCOCCO,29.6,31.45241049
CCCCCCCCC=CCCCCCCCC(=O)OC,31.3,32.51826015
C1=CC=C(C=C1)OCCO,42,43.36027678
CC(=C)C#N,24.4,22.97145371
CC1(C2CCC(=C)C1C2)C,26.85,25.93443274
CCCCOCCOCCOCCO,31.4,31.88812775
C(=CCl)Cl,28,23.63163564
CC(C)C1=CC2=C(C=C1)C3(CCCC(C3CC2)(C)CN)C,33.8,33.85923662
CC(C)CCCC(C)CCCC(C)CCCC(C)(C=C)O,28.47,28.79912724
CCCCl,21.78,22.29360438
C[Si]1(O[Si](O[Si](O[Si](O[Si](O1)(C)C)(C)C)(C)C)(C)C)C,18.5,17.77377988
CCC=CC,16.8,14.01177355
CCCCCCCCCCCCC,25.55,26.85824553
CCCCCCCCCCCCCCC,27.07,27.48089282
CCC=CC,16.41,14.01177355
CCCCCCCCCCC,24.21,25.42058149
C(C=CCCl)Cl,24,23.10670094
CCCCCCC=O,25.68,28.2746374
CCC(C)N,22.42,21.07792236
C1=CC=C(C=C1)C(=O)N,47.26,47.92195339
C(=CCl)Cl,25,23.63163564
C1=CC=C2C(=C1)N=C(S2)SCSC#N,70.39,74.90882161
C1=CC=C(C=C1)C(CC(C2=CC=C(C=C2)C3=CC=C(C=C3)Br)O)C4=C(C5=CC=CC=C5OC4=O)O,72.1,76.5615632
CC(Cl)(Cl)Cl,25.4,25.31257853
CC(C)CCCCCO,27.53,24.02605774
C[Si](C)(C)O[Si](C)(C)O[Si](C)(C)C,20,20.0894492
C(C(F)(F)Br)(F)(F)Br,18,16.51309212
CN(CCO)CCO,40.9,42.17327249
C1=CC=C(C=C1)C(=O)C2=CC=CC=C2,45.1,46.49264598
CCCCCC(=O)O,23.4,20.86983563
CCCCCCCCCCCC(=O)O,26.6,25.20113461
CCCCCCCCCCCCCCCC,27.47,27.97044888
CC(C)OP(=O)(C)OC(C)C,28.8,29.53474598
COC(=O)OC,31.925,31.55942814
CC(=O)O.C(CCCBr)CCO,27,26.37747518
CCCCC1=CC=CC=C1,29.23,29.63575965
CCC(C)C1=CC=CC=C1,28.03,28.2157428
CC(CO)CO,72.2,81.46450055
CC(COC(C)(C)C)O,24.2,25.97901682
CC(CBr)Br,34.14,36.24465947
CCCCCCCCCC[N+](C)(C)CCCCCCCCCC.[Cl-],25.82,25.60933218
CC(CC=O)CC(C)(C)C,25.5,24.08210924
C[Si]1(O[Si](O[Si](O[Si](O[Si](O[Si](O1)(C)C)(C)C)(C)C)(C)C)(C)C)C,19.2,18.15709116
CCOC(C)(C)C,19.8,18.4776262
CCCC(=O)CCC,25.2,25.20731849
CC1=C(C(=O)CC1OC(=O)C2C(C2(C)C)C=C(C)C)CC#C,34,34.06378929
O,71.97,78.23142651
CC(COC1=CC=CC=C1)O,38.1,38.79536536
CC(=CCCC(=CCCC(=CCCC=C(C)CCC=C(C)CCC=C(C)C)C)C)C,33.9,34.32765048
CCCCCCCCCCCCCC,26.1,
O(CCCCCCCC)CCCCCCCC,27.1,
CCCCCCCC(OCCCCCCCCCCCC)=O,28.3,
CCCCCCCC(OCC(CCC)CCCCC)=O,27.4,
O=C(OC(C)C)CCCCC(OC(C)C)=O,28.7,
CCCCCCCCCCCC,24.8,
CCCCC(CC)C(OCC(C)(C)COC(C(CC)CCCC)=O)=O,28,
CCCCCCCCCCCC(OCCC(C)C)=O,28.3,
O=C(OCCC(C)C)CCCCCCCCC(OCCC(C)C)=O,29.4,
CCC(CCCC(CCCC(C)C)C)C,24.9,
CC(C)(C)CC(C)CC(C)(C)C,21.6,
CC(C)(C)CC(C)(C)CC(C)CC(C)(C)C,24.2,
O=C(OCCCCCCCC)OCCCCCCCC,28.8,
CCCCCCCC(OCCCOC(CCCCCCC)=O)=O,27.8,
CC(C)(C)C(OCCCCCCCC(C)C)=O,25.4,
CCCCCCCCCCCC(OCC(CC)CCCC)=O,28.7,
CC(C)(COC(CCCCCC)=O)COC(CCCCCC)=O,28.8,
CC(C)CCCCCC(OCCCCCCC(C)C)=O,26.2,
O=C(OC(C)C)CCCCCCCCCCCCC,28.3,
CCCCC(CC)COC(CCCCC(OCC(CC)CCCC)=O)=O,29.5,
CC(C)CCCCCCCCCCCCCCC(OC(C)C)=O,27.6,
O=C(C(CC)CCCC)OCC(COC(C(CC)CCCC)=O)OC(C(CC)CCCC)=O,28.9,
C[Si]1(C)O[Si](C)(C)O[Si](C)(C)O[Si](C)(C)O[Si](C)(C)O[Si](C)(C)O1,18.8,
CCCCC,15.5,
C(C)CCCC,18,
CCCCCCC,19.8,
CCCCCCCC,21.1,
CCCCCCCCC,22.4,
CCCCCCCCCC,23.4,
CCCCCCCCCCC,24.2,
CCCCCCCCCCCCC,25.6,
CCCCCCCCCCCCCCC,26.7,
CCCCCCCCCCCCCCCC,27.1,
CCCCCCCCCCCCCCCCC,27.5,
CC(C)CCCC(C)CCCC(C)CCCCC(C)CCCC(C)CCCC(C)C,29,
CC(C)(C)CC,15.8,
CC(C)C(C)C,16.9,
CC(C)(C)C(C)C,18.3,
CC(C)(C)CCC,17.5,
CC(C)CCCC,18.8,
CC(C)(C)C(C)CC,20.2,
CC(C)(C)CC(C)C,18.3,
CCC(CC)CCC,21.1,
CC(C)(CC(C)(C)C)C,19.9,
CCCCCC(C)C,20.3,
CCCCCCC(C)C,21.4,
C1CCCC1,22,
C1CCCCC1,24.6,
C1CCCCCC1,27,
C1CCCCCCC1,29.3,
C(CCC1)(C1)C,21.7,
CCC1CCCC1,23.3,
CCCC1CCCC1,24.4,
C(CC1)CC1C(C)C,23.9,
C(CC1)CC1CC(C)C,24.3,
C(CCCC1)(C1)C,23.3,
CC1CCCC(C)C1,23.3,
CC1CCCCC1C,24.4,
CCCC1CCCCC1,25.8,
C(CCCC1)(C1)C(C)C,26,
C(CCCC1)(C1)CCCC,26.5,
C(CCC1CC(C)C)CC1,25.3,
C(CCC1C(C)(C)C)CC1,26.2,
C12CCCCC1CCCC2,30.6,
C1=CCCC1,22,
C(CCC1)(C1)=C,23.8,
CC1C=CCC1,22.1,
C1=CCCCC1,26.1,
C(=CCCC1)(C1)C,26,
C1=CC=CC=C1,28.2,
C1=CC=CC=C1C,28,
C1=C(C(=CC=C1)C)C,29.6,
C1=C(C=CC=C1C)C,28.4,
C1=CC(=CC=C1C)C,27.8,
C1=CC=CC=C1CC,28.6,
CC1=CC=CC(C)=C1C,28.3,
CC1=C(C)C=CC(C)=C1,29.2,
CC1=CC(C)=CC(C)=C1,28.1,
CCCC1=CC=CC=C1,28.4,
CCC1=C(CC)C=CC=C1,29.8,
CCC1=CC(CC)=CC=C1,28.7,
CCC1=CC=C(CC)C=C1,28.5,
CCCCC1=CC=CC=C1,28.7,
CC(C)CC1=CC=CC=C1,27,
CCC(C1=CC=CC=C1)C,28,
CC(C1=CC=CC=C1)(C)C,27.6,
CC1=CC=CC=C1CC,29.7,
CC1=CC=CC(CC)=C1,28.5,
CC1=CC=C(CC)C=C1,28.3,
CCCCCCCCCCC1=CC=CC=C1,30.5,
C1=CC=CC=C1C=C,31,
C2=C1CCCCC1=CC=C2,33.2,
CO,22.1,
C(C)O,22.2,
C(CO)C,23.3,
CC(O)C,20.8,
C(CCO)C,24.2,
CC(O)CC,22.1,
CC(C)CO,22.4,
CC(C)(O)C,20,
C(CCO)CC,25,
CC(C)CCO,23.7,
CCCCCCO,25.9,
C(C(C)C)C(C)O,22.6,
C(C(CC)CO)C,24.5,
CCCCCCCO,26.7,
CCCCCCCCO,27.1,
C(C(CO)CC)CCC,27.1,
CCCCCCCCCO,27.9,
CCCCCCCCCCO,28.4,
CCCCCCCCCCCO,28.6,
CCCCCCCCCCCCO,29.4,
C=CCO,25.3,
C#CCO,35.4,
C(OC)CO,30.8,
C1C(CCCC1)O,32.9,
OC1CCCCCC1,32.7,
OCC1=CC=CC=C1,37,
CCC(C1=CC=CC=C1)O,33.5,
C1=C(C)C=CC=C1O,35.7,
C(CO)O,47.8,
C(C(O)C)O,36,
OCCCO,45.2,
C(C(C)O)CO,37.7,
C(O)COCCO,44.8,
C(C)OCCO,28.6,
CC(O)COC,27.6,
OCCOCCC,29.3,
C(OCCO)CCC,27.4,
OCCOCCOCC,33.5,
OCCOCCOCCOC,36.8,
OCCOCCCCCC,27.7,
C(C)CCOCCOCCO,29.7,
OCCOCCOCCO,45.1,
OCCOCCOCCCCCC,29.8,
OCCOCCOCCOCCCC,32,
OC(CO)COC(C)=O,41.4,
C(OCC)C,16.5,
COCCCC,19.5,
COC(C)(C)C,19.1,
CCCOCC,19.3,
CCCOCCC,20,
CC(OC(C)C)C,17.3,
O(C)CCCCC,21.4,
O(CCCC)CC,20.2,
CCCCOCCCC,22.4,
O(CCCCC)CCCCC,24.4,
O(CCCCCC)CCCCCC,25.4,
C1(COCC2=CC=CC=C2)=CC=CC=C1,39.6,
CC1CO1,22.2,
C1=COC=C1,23.8,
C1CCCO1,26.5,
COCCOC,24.2,
C1COCCO1,32.8,
COCCOCCOC,29.4,
COCCOCCOCCOCCOC,33.7,
C(OC)OC,20.7,
O(C(OC)C)C,21,
O(CC)COCC,20.2,
O(C(OCC)C)CC,20.9,
CC(OCCCC)OCCCC,24,
O(C(OC(O1)C)C)C1C,25.6,
CCOC(OCC)OCC,23.1,
CCOCCOCCOCC,26.8,
COC1=CC=CC=C1,34.5,
CCOC1=CC=CC=C1,32.4,
COC1=CC=C(C)C=C1,33.5,
C=CCOC1=CC=CC=C1,33.3,
CCCOC1=CC=CC=C1,31.6,
CC=O,20.6,
CCCC=O,24.2,
C/C=C/C=O,25.7,
O=CCC(C)C,23.2,
O=CC(OC=C1)=C1,41.3,
C1=CC=CC=C1C=O,38,
OC1=CC=CC=C1C=O,42.3,
CC(=O)C,22.7,
C(C(C)=O)C,24,
C(C(C)C)C(C)=O,23.5,
CC(C)=CC(C)=O,27.9,
C(C(C)=O)C(C)(O)C,29.6,
C(CC(C)=O)C(C)C,25.3,
C(C(C)C)C(=O)CC(C)C,24.1,
O=C1CCCC1,32.8,
O=C1CCCCC1,34.3,
CC1=CC(=O)CC(C1)(C)C,31.2,
O=CO,38.2,
CC(O)=O,27.1,
O=C(O)CC,26.2,
C=CC(O)=O,28.5,
C(C(O)=O)CC,26.1,
CC(C)C(O)=O,24.6,
OC(=O)CC=C,28.3,
CC(C(O)=O)=C,29.1,
O=C(O)CCCC,26.5,
CC(C)CC(O)=O,25,
O=C(O)CCCCC,27.2,
O=C(O)CCCCCC,27.7,
O=C(O)CCCCCCC,28.7,
O=C(O)CCCCCCCC,29.5,
CCCCCCCC/C=C\CCCCCCCC(O)=O,32.3,
O=COC,24.3,
O=COCC,23.3,
O=COCCC,23.9,
O=COC(C)C,21.7,
O=COCCCC,24.5,
O=COCC(C)C,23.3,
O=COCCCCC,25.5,
O=COCCCCCC,26.4,
O=COCCC(C)C,24.4,
CC(OC)=O,24.5,
C(OC(C)=O)C,23.5,
CC(OC=C)=O,23.6,
O=C(OCC=C)C,25.8,
CC(OCCC)=O,23.8,
CC(OC(C)C)=O,21.8,
CC(OCC(C)C)=O,23.1,
CC(OC(C)CC)=O,23,
CC(OC(C)(C)C)=O,21.9,
C(C)CCOC(C)=O,24.8,
CC(OCCCCC)=O,25.1,
C(C(C)C)COC(=O)C,24,
CC(OCCCCCC)=O,26,
CC(OCCCCCCCC)=O,27.3,
C(OC(C)=O)COCC,28,
C=CC(OC)=O,25.2,
O=C(OC)CC,24.2,
O=C(OC)CCC,24.5,
O=C(OC)C(C)C,23.2,
CCC(OCC)=O,23.8,
O=C(OCC)C(O)C,28.3,
CCC(OCCC)=O,24.2,
O=C(OCC)C=CC,26.6,
CCCC(OCC)=O,23.9,
CC(C)C(OCC)=O,22.7,
O=C(OC)CC(C)C,23.7,
O=C(OC)CCCC,25.2,
CCC(OCCCC)=O,24.8,
CCCC(OCCC)=O,24.6,
CCCCCC(OC)=O,25.9,
CCCCC(OCC)=O,24.7,
O=C(OCC)CC(C)C,23.2,
O=C(OCCC)C(C)C,23.3,
CCCC(OCCCC)=O,25.2,
O=C(OCC)CCCCC,25.4,
CC(C)CC(OCCC)=O,23.8,
O=C(OC)CCCCCC,26.6,
O=C(OCC)CCCCCC,26,
O=C(OC)CCCCCCC,27.4,
O=C(OCCCC)CCCC,25.7,
O=C(OCC)CCCCCCC,26.8,
O=C(OC)CCCCCCCC,28.7,
O=C(OCCCCC)CCCC,25.7,
O=C(OC)CCCCCCCCC,28,
O=C(OC)CCCCCCCCCCC,29.1,
O=C(OC)CCCCCCCCCCCCC,29.4,
O=C(OCCCCCCCC)CCCCCCC,28.3,
O=C(OC)CCCCCCCCCCCCCCC,29.6,
O=C(OC)CCCCCCCCCCCCCCCCC,30.3,
O=C(OC)CC(=O)C,32.6,
O=C(OCC)CC(=O)C,31.9,
O=C(OC)C=CC(=O)OC,37.7,
O=C(OCC)C=CC(=O)OCC,32.1,
O=C(OCCCC)C=CC(=O)OCCCC,30.3,
O=C(OCCCC)CCCCCCCCC(OCCCC)=O,31.6,
CC(OCC(OC(C)=O)COC(C)=O)=O,35.9,
O=C(OCC(OC(CCC)=O)COC(CCC)=O)CCC,30.5,
CCCCCCCC(OCC(COC(CCCCCCC)=O)OC(CCCCCCC)=O)=O,29.3,
O=C(OC)C1=CC=CC=C1,37.3,
OC1=CC=CC=C1C(OC)=O,39.2,
O=C(OCC)C1=CC=CC=C1,34.6,
O=C(OCC)C1=CC=CC=C1C(OCC)=O,36.7,
C[Si](C)(C)C,12.3,
CC[SiH](CC)CC,20.3,
CCO[SiH](OCC)OCC,20.8,
CC[Si](CC)(CC)CC,22.5,
C[Si](C)(C)O[Si](C)(C)C,15.4,
CC[Si](CC)(CC)O[Si](CC)(CC)CC,22,
C[Si](C)(C)O[Si](C)(C)O[Si](C)(C)C,16.6,
C[Si]1(C)O[Si](C)(C)O[Si](C)(C)O[Si](C)(C)O1,18.2,
C[Si](C)(C)O[Si](C)(C)O[Si](C)(C)O[Si](C)(C)C,17.4,
C[Si]1(C)O[Si](C)(C)O[Si](C)(C)O[Si](C)(C)O[Si](C)(C)O1,18.2,
C[Si](C)(C)O[Si](C)(C)O[Si](C)(C)O[Si](C)(C)O[Si](C)(C)C,17.5,
C[Si](C)(C)O[Si](C)(C)O[Si](C)(C)O[Si](C)(C)O[Si](C)(C)O[Si](C)(C)C,17.6,
C[Si](C)(C)O[Si](C)(C)O[Si](C)(C)O[Si](C)(C)O[Si](C)(C)O[Si](C)(C)O[Si](C)(C)C,17.6,
C[Si](C)(C)O[Si](C)(C)O[Si](C)(C)O[Si](C)(C)O[Si](C)(C)O[Si](C)(C)O[Si](C)(C)O[Si](C)(C)C,18.9,
CCCO[Si](OCCC)(OCCC)OCCC,23.1,
O=C(OC)OC,28.7,
CC1COC(O1)=O,40.9,
O=C(OCC)OCC,26,
O=C(OCCC)OCCC,26.5,
CC(OC(C)=O)=O,32,
"C[Si](C)(C)CO[Si](C)(C)CO[Si](C)(C)CO[Si](C)(C)CO[Si](C)(C)CO[Si](C)(C)CO[Si](C)(C)CO[Si](C)(C)CO[Si](C)(C)CO[Si](C)(C)CO[Si](C)(C)CO[Si](C)(C)CO[Si](C)(C)CO[Si](C)(C)CO[Si](C)(C)CO[Si](C)(C)CO[Si](C)(C)CO[Si](C)(C)CO[Si](C)(C)CO[Si](C)(C)CO[Si](C)(C)CO[Si](C)(C)CO[Si](C)(C)CO[Si](C)(C)CO[Si](C)(C)CO[Si](C)(C)CO[Si](C)(C)CO[Si](C)(C)CO[Si](C)(C)CO[Si](C)(C)CO[Si](C)(C)CO[Si](C)(C)CO[Si](C)(C)CO[Si](C)(C)CO[Si](C)(C)CO[Si](C)(C)CO[Si](C)(C)CO[Si](C)(C)CO[Si](C)(C)CO[Si](C)(C)CO[Si](C)(C)CO[Si](C)(C)CO[Si](C)(C)CO[Si](C)(C)CO[Si](C)(C)CO[Si](C)(C)CO[Si](C)(C)C

",20.9,
C[Si](C)(C)CO[Si](C)(C)CO[Si](C)(C)CO[Si](C)(C)CO[Si](C)(C)CO[Si](C)(C)CO[Si](C)(C)CO[Si](C)(C)CO[Si](C)(C)CO[Si](C)(C)CO[Si](C)(C)CO[Si](C)(C)CO[Si](C)(C)CO[Si](C)(C)CO[Si](C)(C)CO[Si](C)(C)CO[Si](C)(C)CO[Si](C)(C)CO[Si](C)(C)CO[Si](C)(C)CO[Si](C)(C)CO[Si](C)(C)CO[Si](C)(C)CO[Si](C)(C)CO[Si](C)(C)CO[Si](C)(C)CO[Si](C)(C)CO[Si](C)(C)CO[Si](C)(C)CO[Si](C)(C)CO[Si](C)(C)CO[Si](C)(C)C,20.5,
C[Si](C)(C)CO[Si](C)(C)CO[Si](C)(C)CO[Si](C)(C)CO[Si](C)(C)CO[Si](C)(C)CO[Si](C)(C)CO[Si](C)(C)CO[Si](C)(C)C,18.8,
C[Si](C)(C)CO[Si](C)(C)CO[Si](C)(C)CO[Si](C)(C)CO[Si](C)(C)CO[Si](C)(C)CO[Si](C)(C)CO[Si](C)(C)CO[Si](C)(C)CO[Si](C)(C)CO[Si](C)(C)CO[Si](C)(C)CO[Si](C)(C)CO[Si](C)(C)C,19.9,
C[Si](C)(C)CO[Si](C)(C)CO[Si](C)(C)CO[Si](C)(C)CO[Si](C)(C)CO[Si](C)(C)CO[Si](C)(C)CO[Si](C)(C)CO[Si](C)(C)CO[Si](C)(C)CO[Si](C)(C)CO[Si](C)(C)CO[Si](C)(C)CO[Si](C)(C)CO[Si](C)(C)CO[Si](C)(C)CO[Si](C)(C)CO[Si](C)(C)CO[Si](C)(C)CO[Si](C)(C)CO[Si](C)(C)CO[Si](C)(C)CO[Si](C)(C)CO[Si](C)(C)CO[Si](C)(C)CO[Si](C)(C)CO[Si](C)(C)CO[Si](C)(C)CO[Si](C)(C)CO[Si](C)(C)CO[Si](C)(C)CO[Si](C)(C)CO[Si](C)(C)CO[Si](C)(C)CO[Si](C)(C)CO[Si](C)(C)CO[Si](C)(C)CO[Si](C)(C)CO[Si](C)(C)CO[Si](C)(C)CO[Si](C)(C)CO[Si](C)(C)CO[Si](C)(C)CO[Si](C)(C)CO[Si](C)(C)CO[Si](C)(C)CO[Si](C)(C)CO[Si](C)(C)CO[Si](C)(C)CO[Si](C)(C)CO[Si](C)(C)CO[Si](C)(C)C,21,
ICI,50.8,